id,가격,연면적,품질,상태,건축년도,리모델링년도,지하면적,차고면적,면적_1층,면적_2층,주거유형,판매유형,판매조건
1,208500,8450,7,5,2003,2003,856,548,856,854,1,1,1
2,181500,9600,6,8,1976,1976,1262,460,1262,0,1,1,1
3,223500,11250,7,5,2001,2002,920,608,920,866,1,1,1
4,140000,9550,7,5,1915,1970,756,642,961,756,1,1,2
5,250000,14260,8,5,2000,2000,1145,836,1145,1053,1,1,1
6,143000,14115,5,5,1993,1995,796,480,796,566,1,1,1
7,200000,10382,7,6,1973,1973,1107,484,1107,983,1,1,1
8,129900,6120,7,5,1931,1950,952,468,1022,752,1,1,2
9,118000,7420,5,6,1939,1950,991,205,1077,0,2,1,1
10,129500,11200,5,5,1965,1965,1040,384,1040,0,1,1,1
11,144000,12968,5,6,1962,1962,912,352,912,0,1,1,1
12,157000,10920,6,5,1960,1960,1253,352,1253,0,1,1,1
13,132000,6120,7,8,1929,2001,832,576,854,0,1,1,1
14,149000,11241,6,7,1970,1970,1004,480,1004,0,1,1,1
15,90000,10791,4,5,1967,1967,0,516,1296,0,3,1,1
16,159000,13695,5,5,2004,2004,1114,576,1114,0,1,1,1
17,139000,7560,5,6,1958,1965,1029,294,1339,0,1,2,2
18,139400,7449,7,7,1930,1950,637,280,1108,0,1,1,1
19,230000,9742,8,5,2002,2002,1777,534,1795,0,1,1,1
20,129900,4224,5,7,1976,1976,1040,572,1060,0,4,1,1
21,154000,8246,5,8,1968,2001,1060,270,1060,0,1,1,1
22,256300,14230,8,5,2007,2007,1566,890,1600,0,1,1,1
23,134800,7200,5,7,1951,2000,900,576,900,0,1,1,1
24,306000,11478,8,5,2007,2008,1704,772,1704,0,1,1,1
25,207500,16321,5,6,1957,1997,1484,319,1600,0,1,1,1
26,68500,6324,4,6,1927,1950,520,240,520,0,1,1,1
27,40000,8500,4,4,1920,1950,649,250,649,668,1,1,1
28,149350,8544,5,6,1966,2006,1228,271,1228,0,1,1,1
29,179900,11049,8,5,2007,2007,1234,484,1234,0,1,1,1
30,165500,10552,5,5,1959,1959,1398,447,1700,0,1,1,1
31,277500,7313,9,5,2005,2005,1561,556,1561,0,4,1,1
32,309000,13418,8,5,2004,2005,1117,691,1132,1320,1,1,1
33,145000,10859,5,5,1994,1995,1097,672,1097,0,1,1,1
34,153000,8532,5,6,1954,1990,1297,498,1297,0,1,1,1
35,109000,7922,5,7,1953,2007,1057,246,1057,0,1,1,2
36,160000,8658,6,5,1965,1965,1088,440,1324,0,1,1,2
37,170000,16905,5,6,1959,1959,1350,308,1328,0,1,1,1
38,144000,9180,5,7,1983,1983,840,504,884,0,1,1,1
39,130250,9200,5,6,1975,1980,938,308,938,0,1,1,1
40,141000,7945,5,6,1959,1959,1150,300,1150,0,1,1,1
41,239686,12822,7,5,2003,2003,1434,670,1518,631,1,1,2
42,249700,11096,8,5,2006,2006,1656,826,1656,0,1,1,1
43,127000,7742,5,7,1966,1966,955,386,955,0,1,1,1
44,177000,13869,6,6,1997,1997,794,388,794,676,1,1,1
45,114500,6240,6,6,1934,1950,816,528,816,0,1,1,1
46,110000,8472,5,5,1963,1963,816,516,816,0,3,1,1
47,130000,7134,5,5,1955,1955,384,572,1360,0,1,1,1
48,180500,10175,6,5,1964,1964,1425,576,1425,0,1,1,1
49,172500,2645,8,5,1999,2000,970,480,983,756,5,1,2
50,196500,11645,7,5,2004,2004,860,565,860,860,1,1,1
51,124900,7200,5,7,1972,1972,780,352,780,0,1,1,1
52,101000,7200,5,7,1920,1996,530,288,581,530,1,1,1
53,202500,6442,8,5,2006,2006,1370,484,1370,0,4,1,1
54,140000,10300,7,6,1921,1950,576,480,902,808,1,1,1
55,219500,9375,7,5,1997,1998,1057,645,1057,977,1,1,1
56,180000,19900,7,5,1970,1989,1947,576,2207,0,1,1,1
57,226000,10665,7,5,2003,2003,1453,558,1479,0,1,1,1
58,80000,4608,4,6,1945,1950,747,220,747,0,1,1,1
59,225000,15593,7,4,1953,1953,1304,667,1304,983,1,1,1
60,244000,13651,7,6,1973,1973,2223,516,2223,0,1,1,1
61,129500,7599,4,6,1982,2006,845,360,845,0,1,1,1
62,185000,10141,7,5,1998,1998,832,427,885,833,1,1,1
63,144900,10200,5,7,1954,2003,1086,490,1086,0,1,1,1
64,107400,5790,3,6,1915,1950,840,379,840,765,1,1,1
65,91000,1596,4,5,1973,1973,462,297,526,462,5,1,1
66,135750,8475,4,7,1956,1956,952,283,952,0,1,1,1
67,127000,8635,5,5,1948,2001,672,240,1072,213,1,1,1
68,136500,10778,4,5,1968,1968,1768,0,1768,0,3,1,1
69,110000,10440,5,6,1910,1981,440,440,682,548,1,1,1
70,193500,13000,6,6,1968,1968,896,509,1182,960,1,1,1
71,153500,4500,6,5,1998,1998,1237,405,1337,0,4,1,1
72,245000,10206,8,5,2007,2007,1563,758,1563,0,1,1,1
73,126500,8892,5,5,1960,1960,1065,461,1065,0,1,2,1
74,168500,8530,7,5,1995,1996,384,400,804,670,1,1,1
75,260000,16059,8,5,1991,1992,1288,462,1301,1116,1,1,1
76,174000,11911,6,5,2005,2005,684,400,684,876,1,1,1
77,123600,8070,4,5,1994,1995,990,0,990,0,1,1,1
78,109900,7200,4,5,1950,1950,0,420,1040,0,1,1,1
79,98600,8500,5,3,1961,1961,1235,480,1235,0,1,1,2
80,163500,13360,5,7,1921,2006,876,432,964,0,1,1,1
81,133900,7200,6,6,1910,1998,1214,506,1260,1031,2,1,1
82,204750,9337,6,5,1997,1997,824,684,905,881,1,1,1
83,185000,9765,6,8,1993,1993,680,420,680,790,1,1,1
84,214000,10264,7,5,1999,1999,1588,472,1588,0,1,1,1
85,94750,10921,4,5,1965,1965,960,432,960,0,1,1,1
86,83000,10625,5,5,1920,1950,458,366,835,0,1,2,2
87,128950,9320,4,5,1959,1959,950,0,1225,0,1,1,1
88,205000,10603,6,7,1977,2001,1610,480,1610,0,1,1,1
89,178000,9206,6,5,1985,1985,741,476,977,755,1,1,1
90,198900,10402,7,5,2009,2009,1226,740,1226,0,1,1,1
91,169500,7758,7,4,1931,1950,1040,240,1226,592,1,1,1
92,250000,9375,8,5,2003,2004,1053,648,1053,939,1,1,1
93,100000,10800,4,7,1885,1995,641,273,1047,0,1,1,1
94,115000,8500,5,7,1919,2005,793,0,997,520,1,1,1
95,190000,11751,6,6,1977,1977,1844,546,1844,0,1,2,1
96,136900,9525,6,4,1954,1972,994,325,1216,639,1,1,1
97,180000,7750,7,5,2000,2000,384,400,774,656,1,1,1
98,259500,7259,6,8,1945,2002,1028,180,1436,884,1,1,1
99,176000,3230,6,5,1999,1999,729,440,729,729,4,1,1
100,139000,11616,5,5,1962,1962,1092,288,1092,0,1,1,1
101,100000,6060,4,5,1939,1950,732,264,772,351,1,1,1
102,136000,9464,6,7,1958,1958,1080,288,1080,0,1,1,1
103,153900,7892,6,5,1993,1993,1199,530,1199,0,4,1,1
104,181000,17043,6,5,1979,1998,1362,435,1586,0,1,1,1
105,84500,6780,6,8,1935,1982,520,0,520,0,2,1,1
106,128000,4928,6,5,1976,1976,1078,440,958,0,4,1,1
107,87000,4388,5,7,1930,1950,672,0,840,0,1,1,1
108,155000,7590,6,5,1966,1966,660,453,660,688,1,1,1
109,150000,8973,5,7,1958,1991,1008,750,1053,0,1,1,2
110,226000,14200,7,6,1966,1966,924,487,1216,941,1,1,1
111,244000,12224,6,5,2000,2000,992,390,1022,1032,1,1,1
112,150750,7388,5,6,1959,2002,1063,624,1327,0,1,1,1
113,220000,6853,8,5,2001,2002,1267,471,1296,0,1,1,1
114,180000,10335,5,6,1968,1993,1461,440,1721,0,1,1,1
115,174000,10400,7,6,1970,1970,1304,530,1682,0,1,1,1
116,143000,10355,5,5,1967,1967,1214,318,1214,0,1,1,1
117,230000,9066,8,5,1999,2000,1004,660,1004,848,1,1,1
118,231500,15426,6,5,1997,1997,928,470,928,836,1,1,1
119,260000,11645,7,5,2005,2005,1734,660,1734,0,1,1,1
120,166000,8520,5,4,1952,1952,910,720,910,475,1,1,1
121,204000,10335,7,5,1999,1999,1490,577,1501,0,1,1,1
122,130000,2522,6,5,2004,2006,970,380,970,739,5,1,1
123,105000,6120,5,7,1931,1993,715,180,875,0,1,1,1
124,222500,9505,7,5,2001,2001,884,434,884,1151,1,1,1
125,141000,7500,7,5,2004,2005,1080,0,1080,0,1,1,1
126,115000,6240,5,4,1936,1950,896,240,896,448,1,1,1
127,122000,10356,5,6,1975,1975,969,440,969,0,1,1,1
128,190000,14803,6,5,1971,1971,825,495,1097,896,1,1,1
129,235000,13500,6,7,1960,1975,1602,564,1252,0,1,1,1
130,79000,9600,6,5,1924,1950,572,0,572,524,1,1,1
131,109500,7200,5,7,1950,1950,0,625,1040,0,1,1,1
132,254900,12552,7,5,2004,2005,991,678,991,956,1,1,1
133,162500,11120,6,6,1984,1984,1232,516,1232,0,1,1,1
134,103200,5500,4,6,1956,1956,882,0,882,0,1,1,1
135,152000,5400,6,7,1926,2004,1149,216,1149,467,1,1,1
136,127500,10106,5,7,1940,1999,644,0,808,547,2,1,1
137,190000,10708,5,5,1955,1993,1617,303,1867,0,1,2,1
138,183500,8244,7,5,2004,2004,840,440,840,880,1,1,1
139,228000,16669,8,6,1981,1981,1686,511,1707,0,1,1,1
140,128500,12358,5,6,1941,1950,720,660,854,0,1,1,1
141,239000,5306,7,7,1987,1987,1064,504,1064,703,4,1,1
142,163000,10197,6,5,1961,1961,1362,504,1362,0,1,2,1
143,184000,12416,6,5,1986,1986,1606,616,1651,0,1,1,1
144,243000,12615,6,7,1950,2001,1202,576,2158,0,1,1,1
145,211000,10029,6,5,1988,1989,1151,521,1164,896,1,1,1
146,172500,13650,5,5,1958,1958,1052,451,1252,668,1,1,1
147,100000,8520,5,6,1923,2006,968,480,968,0,1,1,1
148,177000,2117,6,5,2000,2000,756,440,769,756,5,1,1
149,200100,7588,7,6,1920,1950,793,216,901,901,1,1,1
150,120000,9060,5,6,1957,2006,0,252,1340,0,1,1,1
151,200000,11426,7,5,2003,2003,1362,484,1362,720,1,1,1
152,127000,7438,5,8,1908,1991,504,576,936,316,1,1,1
153,173000,9947,7,5,1990,1991,1188,497,1217,0,1,1,1
154,135000,10410,5,7,1916,1987,660,180,808,704,1,1,1
155,184000,7472,7,9,1972,2004,725,484,725,754,1,1,1
156,192000,9017,7,5,1999,1999,1431,666,1431,0,1,1,1
157,130000,2522,7,5,2004,2004,970,380,970,739,5,1,1
158,127000,7180,5,7,1972,1972,864,352,864,0,1,1,1
159,148500,2280,6,6,1976,1976,855,440,855,601,5,1,1
160,104000,5520,6,6,1912,1950,755,0,929,929,1,1,2
161,274900,9591,8,5,2004,2005,1713,856,1713,0,1,1,1
162,140000,8546,4,5,2003,2004,1121,440,1121,0,1,1,1
163,171500,10125,6,6,1977,1977,1196,473,1279,0,1,1,1
164,112000,7000,6,6,1924,1950,617,398,865,445,1,2,1
165,149000,4438,6,5,2004,2004,848,420,848,0,4,1,1
166,110000,3500,5,7,1947,1950,720,240,720,564,1,1,1
167,180500,11851,7,5,1990,1990,1424,500,1442,0,1,1,1
168,143900,13673,5,5,1962,1962,1140,349,1696,0,1,1,1
169,141000,12493,4,5,1960,1960,1100,312,1100,0,1,1,1
170,277000,14364,7,5,1988,1989,1157,454,1180,882,1,1,1
171,145000,8250,6,7,1964,1964,1092,504,1092,0,1,1,1
172,98000,5604,5,6,1925,1950,864,0,864,0,1,1,1
173,186000,10420,6,5,2009,2009,1212,460,1212,0,1,1,1
174,156000,13568,5,5,1995,1995,990,576,990,0,1,1,1
175,161750,10900,6,7,1977,1977,689,299,689,703,1,1,1
176,134450,10011,5,6,1957,1996,1070,447,1236,0,1,1,1
177,210000,8450,7,5,2004,2004,1436,484,1436,0,1,1,1
178,311500,15660,7,9,1939,2006,798,431,1137,817,1,1,1
179,179900,11475,6,6,1975,1975,713,434,811,741,1,1,1
180,97000,10500,4,6,1971,1971,864,576,864,0,1,1,2
181,112000,1680,5,5,1971,1971,630,280,630,672,5,2,2
182,290000,9950,7,5,1995,1995,1203,721,1214,1306,1,1,2
183,106000,1869,6,6,1970,1970,483,280,483,504,5,1,1
184,125000,8521,5,5,1967,1967,912,336,912,0,1,1,1
185,192500,3182,7,5,2005,2006,1373,430,1555,0,4,1,1
186,148000,8760,6,6,1959,1959,1194,312,1194,0,1,1,1
187,94500,1680,6,5,1972,1972,483,288,483,504,5,1,1
188,128200,10650,5,6,1976,1976,894,308,894,0,1,1,1
189,216500,7851,6,5,2002,2002,860,440,860,1100,1,1,1
190,89500,1680,6,3,1971,1971,483,264,483,504,4,1,1
191,185500,8773,7,5,2004,2004,1414,494,1414,0,1,1,1
192,194500,9453,7,7,1993,2003,996,457,1014,730,1,1,1
193,113000,8741,6,4,1945,1950,735,220,798,689,1,1,1
194,262500,9000,8,5,2008,2008,1566,750,1566,0,1,1,1
195,110500,3880,5,9,1945,1997,686,0,866,0,1,1,1
196,79000,5000,5,4,1900,1950,540,352,889,551,1,1,1
197,120000,10762,6,6,1980,1980,626,288,626,591,4,1,1
198,205000,8880,7,5,1994,2002,948,463,1222,888,1,1,1
199,241500,10400,7,5,1988,1988,1845,604,1872,0,1,1,1
200,137000,9142,6,8,1910,1950,1020,440,908,1020,2,1,1
201,140000,11310,6,5,1954,1954,1367,451,1375,0,1,1,1
202,180000,11317,7,5,2003,2003,840,500,840,828,1,1,1
203,76500,5350,3,2,1940,1966,728,0,1306,0,1,1,1
204,173000,8366,6,5,2004,2004,798,520,798,842,1,1,1
205,145000,8400,5,6,1957,1957,1314,294,1314,0,1,1,1
206,230000,8738,7,5,1999,1999,975,429,1005,1286,1,1,1
207,207500,8791,6,5,2003,2003,864,673,864,864,1,1,1
208,220000,8814,7,5,2006,2006,1604,660,1604,0,1,1,2
209,231500,12435,7,5,2001,2001,963,564,963,829,1,1,1
210,97000,12702,5,5,1956,1956,0,308,882,0,1,1,1
211,176000,19296,6,5,1962,1962,1362,884,1382,0,1,1,1
212,151000,8471,6,7,1977,1995,506,492,1212,0,1,1,1
213,130000,5500,5,7,1929,2001,926,484,926,0,1,1,1
214,73000,5232,5,5,1925,2004,680,504,764,0,1,1,1
215,175500,12090,6,6,1981,1981,1422,576,1422,0,1,1,1
216,185000,11207,6,5,1997,1997,802,413,802,709,1,1,1
217,179500,8400,5,8,1939,1997,720,240,1052,720,1,1,1
218,120500,6900,5,6,1940,1955,740,924,778,0,1,1,1
219,148000,7917,6,7,1976,1976,1143,504,1113,0,1,1,1
220,290000,11764,8,7,1999,2007,1152,671,1164,1106,1,1,1
221,139000,9600,6,6,1958,1988,1240,338,1632,0,1,1,1
222,124500,8314,5,7,1982,1982,816,264,816,0,1,1,1
223,205000,7264,7,7,1925,2007,952,672,952,596,1,1,1
224,201000,9196,7,5,2003,2003,1560,573,1560,0,1,1,1
225,141000,19138,4,5,1951,1951,864,400,864,0,1,1,1
226,192000,10005,7,5,1977,1977,1160,505,1156,866,1,1,1
227,228500,11287,7,6,1989,1989,807,575,1175,807,1,1,1
228,179200,8012,6,5,1992,1992,1575,529,1575,0,4,1,1
229,159000,9786,6,7,1962,1981,912,440,1085,649,1,1,1
230,88000,8125,4,4,1971,1971,858,0,858,0,1,1,1
231,122000,9819,5,5,1967,1967,882,280,900,0,1,1,1
232,153575,8730,6,7,1915,2003,698,384,698,698,1,1,1
233,135900,5687,5,6,1912,2000,780,0,936,780,2,1,1
234,131000,11409,5,4,1949,2008,768,281,1148,568,1,1,1
235,235000,16659,7,7,1977,1994,795,539,1468,795,1,1,1
236,167000,9600,6,5,1953,1953,1416,418,1644,0,1,1,1
237,142500,7937,6,6,1984,1984,1003,588,1003,0,1,1,1
238,152000,13710,5,5,1950,1950,910,282,910,648,1,1,1
239,239000,7399,7,5,1997,1998,975,576,975,975,1,1,1
240,175000,11700,6,6,1968,1968,702,539,1041,702,1,1,1
241,157000,15750,5,5,1953,1953,1165,375,1336,0,2,1,1
242,267000,16226,8,5,1998,1999,1028,683,1210,1242,1,1,1
243,205000,13704,7,5,2001,2002,1541,843,1541,0,1,1,1
244,149900,9800,5,7,1972,1972,894,552,894,0,1,1,2
245,295000,18386,7,9,1880,2002,1470,870,1675,1818,1,1,1
246,225000,13474,7,5,1990,1991,700,746,1122,1121,1,1,1
247,89500,7920,6,7,1920,1950,319,0,1035,371,1,1,1
248,82500,12342,4,5,1940,1950,861,539,861,0,1,1,1
249,165600,7685,6,5,1993,1994,697,420,697,804,1,1,1
250,132000,8000,6,6,1948,2002,972,240,972,0,1,1,1
251,119900,7800,5,7,1939,1950,793,410,793,325,2,1,1
252,178000,9600,7,7,1925,1990,728,546,832,809,1,1,1
253,188500,7795,7,5,2004,2005,716,432,716,716,1,1,1
254,260000,13005,7,7,1980,1980,845,484,1153,1200,1,1,1
255,270000,9000,8,5,2006,2006,1088,1025,1088,871,1,1,1
256,260000,9900,7,5,1993,1993,1347,656,1372,1274,1,1,1
257,187500,14115,7,5,1980,1980,1372,588,1472,0,1,1,1
258,301000,10380,7,5,1986,1987,1502,576,1553,1177,1,1,1
259,126175,5820,3,8,1955,2005,1162,220,1163,0,1,1,1
260,242000,11275,7,7,1967,2007,710,564,1898,1080,1,1,1
261,87000,5000,5,6,1941,1950,720,360,803,0,1,1,1
262,145250,11600,6,5,1960,1960,1383,292,1383,0,1,1,1
263,214500,11888,6,6,1916,1994,844,441,1445,689,1,1,1
264,78000,6402,5,5,1920,1950,596,189,596,596,1,1,1
265,119000,10624,5,4,1964,1964,1728,352,1728,0,3,1,1
266,139000,8176,5,6,1958,1992,1056,308,1056,0,1,1,1
267,284000,10655,8,5,2003,2004,3206,880,1629,0,1,1,1
268,207000,8198,7,5,2004,2004,1358,484,1358,0,4,1,1
269,192000,9042,6,5,1998,1998,943,472,943,695,1,1,1
270,214000,9135,7,5,2002,2003,1536,532,1536,0,1,1,1
271,202500,14145,7,7,1984,1998,1208,440,1621,0,1,1,1
272,155000,12400,6,7,1958,1998,1215,297,1215,0,1,1,1
273,202900,14191,8,5,2002,2002,967,431,993,915,1,1,1
274,82000,8400,4,4,1950,1950,721,294,841,0,1,1,1
275,87500,8544,3,4,1949,1950,0,400,1040,0,3,1,1
276,266000,8849,9,5,2005,2005,1684,564,1684,0,4,1,1
277,85000,2592,5,3,1976,1976,536,336,536,576,4,1,1
278,140200,6435,6,5,1939,1950,972,312,972,605,1,1,1
279,151500,12772,6,8,1960,1998,958,301,958,0,1,1,1
280,157500,17600,6,5,1960,1960,1478,498,1478,0,1,1,1
281,154000,2448,7,5,2003,2004,764,474,764,862,5,1,1
282,190000,5271,7,5,1986,1986,1453,445,1453,0,1,1,2
283,105900,8520,6,8,1928,2003,624,484,720,0,1,1,1
284,140000,8400,6,5,1940,2000,940,240,1192,403,1,1,1
285,177500,11249,6,5,1995,1995,1200,521,1200,0,1,1,1
286,173000,9248,6,6,1992,1992,1158,400,1167,0,1,1,1
287,134000,4224,5,5,1976,1976,1142,528,1142,0,4,1,1
288,130000,6930,5,4,1958,1958,1062,288,1352,0,1,1,2
289,280000,12011,8,5,1998,1998,1086,592,1086,838,1,1,1
290,156000,7540,6,6,1978,1978,888,470,912,0,1,1,1
291,145000,9144,5,5,1940,1982,883,240,988,517,1,1,1
292,118000,1680,6,8,1972,2007,483,264,483,504,5,1,1
293,190000,18800,6,5,1976,1976,796,566,790,784,1,1,1
294,147000,10690,5,7,1920,1997,672,468,672,672,1,1,1
295,159000,9500,6,5,1963,1963,1394,514,1394,0,1,1,1
296,165000,9150,6,5,1962,1962,1099,296,1431,0,1,1,1
297,132000,7800,5,6,1954,1954,1268,244,1268,0,1,1,1
298,162000,9830,5,7,1959,2006,1063,576,1287,0,1,1,1
299,172400,8121,6,5,2000,2000,953,460,953,711,1,1,1
300,134432,17120,4,4,1959,1959,0,680,1120,468,1,1,1
301,125000,7175,6,5,1984,1984,744,264,752,0,4,1,1
302,123000,10634,5,6,1953,1953,608,270,1319,0,1,1,1
303,219500,8200,7,5,2003,2004,847,434,847,1081,1,1,1
304,61000,10020,1,1,1922,1950,683,0,904,0,1,1,1
305,148000,8846,5,5,1996,1996,870,576,914,0,1,1,1
306,179000,8123,6,5,2000,2000,982,463,1007,793,1,1,1
307,127000,5000,5,6,1924,1950,1026,308,1026,665,1,1,1
308,213500,9245,7,5,2006,2006,939,639,939,858,1,1,1
309,76000,9000,6,3,1928,1950,784,360,784,0,1,1,1
310,192000,3182,8,5,2004,2005,1256,430,1269,0,4,1,1
311,125000,7200,6,6,1976,1976,1041,352,1125,0,1,1,2
312,191000,9382,7,5,1999,2000,1468,577,1479,0,1,1,1
313,119000,8405,5,8,1900,1950,861,384,961,406,1,1,1
314,215000,12209,6,5,2001,2002,804,560,804,1157,1,1,1
315,106500,8339,5,7,1959,1959,0,294,882,0,1,1,1
316,100000,7446,4,5,1941,1950,788,0,788,0,1,1,2
317,109000,10134,5,6,1940,1950,735,240,735,299,1,1,1
318,129000,9571,5,6,1956,1956,1144,596,1144,0,1,1,1
319,123000,7200,5,5,1972,1972,894,600,894,0,1,1,1
320,169500,7590,5,5,1962,1962,864,264,876,936,1,1,1
321,67000,8967,5,2,1920,1950,961,338,1077,0,1,1,2
322,241000,8125,7,5,2006,2007,1092,438,1112,438,1,1,1
323,245500,14963,8,5,1996,1996,1260,500,1288,0,4,1,1
324,108000,10200,5,8,1940,1997,672,240,672,0,1,1,1
325,258000,12090,8,5,1998,1998,1141,420,1165,1098,1,1,2
326,168000,10364,6,5,1995,1996,806,373,806,766,1,1,1
327,150000,9991,4,4,1976,1993,1281,490,1620,0,1,1,1
328,115000,10480,6,5,1936,1950,1064,240,1166,0,1,1,1
329,177000,15576,6,7,1915,1976,840,308,840,840,1,1,1
330,60000,9571,5,3,1958,1958,1276,350,1276,0,1,2,2
331,115000,8960,5,6,1927,1950,1008,360,1028,0,1,1,1
332,228000,11228,7,5,1993,1993,1080,678,1080,1017,1,1,1
333,149500,7844,6,7,1978,1978,672,440,672,728,1,1,1
334,142000,8450,5,6,1968,1968,1056,304,1056,0,1,1,1
335,215000,16635,6,7,1977,2000,1602,529,1602,0,1,1,1
336,139000,9000,6,5,1956,1956,1196,297,1196,0,1,1,1
337,135000,3378,7,8,1946,1992,651,240,707,682,1,1,1
338,275000,12800,7,5,1989,1989,1518,569,1644,0,1,1,1
339,109008,8593,4,6,1957,1957,907,352,907,0,1,1,1
340,175000,11457,6,5,1988,1988,1392,576,1412,0,1,1,1
341,85400,1680,6,5,1971,1971,483,264,483,504,5,2,2
342,122500,1920,5,5,1971,1971,765,440,765,600,4,1,1
343,181000,10839,6,5,1997,1998,926,470,926,678,1,1,1
344,81000,1890,4,7,1972,1972,630,0,630,0,5,1,1
345,116000,4400,6,8,1920,1950,648,440,734,384,1,1,1
346,119000,6000,6,7,1926,2004,884,180,904,0,1,1,1
347,90350,4280,5,6,1913,2002,440,352,694,0,1,1,1
348,118000,12108,4,4,1955,1955,1440,0,1440,0,3,1,1
349,162900,6240,5,7,1930,1992,1078,360,1128,445,1,1,1
350,210000,8750,7,5,1994,1995,915,493,933,975,1,1,1
351,127500,9855,6,5,1956,1956,1436,480,1689,0,1,2,1
352,190000,16492,6,6,1966,2002,1517,578,1888,0,1,1,1
353,199900,11214,7,5,1998,1999,930,431,956,930,1,1,1
354,119500,8600,6,6,1937,1950,780,198,780,596,1,1,1
355,120000,6000,3,7,1948,2002,649,308,679,504,1,1,1
356,110000,5684,6,8,1930,2005,813,270,813,0,1,1,1
357,204000,9303,6,5,1996,1997,872,422,888,868,1,1,1
358,210000,9000,8,5,2008,2008,768,676,786,804,1,1,1
359,175500,9600,7,6,1973,1973,1242,528,1242,0,1,1,1
360,98000,4571,5,5,1916,1950,624,513,624,720,1,2,2
361,161000,5100,8,7,1925,1996,588,228,833,833,1,1,1
362,110000,7015,5,4,1950,1950,709,352,979,224,1,1,1
363,155000,7200,7,9,1936,2007,560,576,575,560,1,1,1
364,62383,8281,5,5,1965,1965,864,360,864,0,1,1,1
365,188700,11988,6,7,1934,1995,715,240,849,811,1,1,1
366,124000,8430,5,5,1978,1978,1040,0,1040,0,1,1,1
367,178740,3072,7,5,2004,2004,1375,398,1414,0,4,1,1
368,167000,10628,7,5,1970,1970,1277,526,1277,0,1,1,1
369,146500,9480,5,7,1942,1995,728,312,888,756,1,1,1
370,250000,11428,8,5,2006,2006,1626,866,1634,0,1,1,1
371,187000,9291,6,5,1993,1993,832,506,832,878,1,1,1
372,212000,6820,8,5,1985,1985,1488,528,1502,0,4,1,1
373,190000,11952,7,6,1977,1977,808,534,1161,808,1,1,1
374,148000,3675,6,5,2005,2005,547,525,1072,0,4,1,1
375,251000,5330,8,5,2000,2000,1494,499,1652,0,4,1,1
376,132500,8480,5,6,1963,1963,970,624,970,0,1,1,1
377,208900,13125,6,5,1997,1998,1478,508,1493,0,1,1,1
378,297000,10637,8,5,2007,2008,1705,826,1718,0,1,1,1
379,326000,16033,9,5,2004,2005,1833,772,1850,0,1,1,1
380,155000,2500,7,8,1915,2005,910,164,916,910,1,1,1
381,164000,4500,6,5,1998,1998,1216,402,1216,0,5,1,1
382,132500,7758,5,7,1962,2001,999,264,999,0,1,1,1
383,147000,9600,5,7,1950,2007,1113,264,1113,0,1,1,1
384,156000,10289,5,7,1965,1965,1073,515,1073,0,1,1,1
385,175000,12243,5,6,1971,1971,1484,487,1484,0,1,1,1
386,86000,1526,4,8,1970,2002,630,286,630,0,5,1,1
387,115000,2665,5,6,1976,1976,264,336,616,688,4,1,1
388,133000,9490,6,7,1941,1950,806,240,958,620,1,1,1
389,155000,7931,5,6,1960,1960,1269,308,1269,0,1,1,1
390,91300,5784,5,8,1938,1996,190,273,886,0,1,1,1
391,34900,7879,4,5,1920,1950,720,0,720,0,1,1,2
392,184000,9120,7,6,1925,1950,1026,240,1133,687,1,1,1
393,130000,7800,5,7,1967,2004,864,288,899,0,1,1,1
394,120000,7535,5,7,1958,1985,912,297,912,0,1,1,1
395,113000,1890,6,5,1973,1973,672,264,672,546,5,1,1
396,226700,9803,7,5,2005,2005,866,603,866,902,1,1,1
397,140000,9170,5,7,1965,1965,1214,461,1214,0,1,1,1
398,289000,15602,7,8,1959,1997,1501,484,1801,0,1,1,1
399,147000,2308,6,5,1974,1974,855,440,855,467,4,1,1
400,124500,7596,5,5,1952,1952,960,400,960,1000,3,2,1
401,215000,9554,8,5,1993,1994,777,471,1065,846,1,1,1
402,161000,9600,7,9,1928,2005,689,360,689,689,1,1,1
403,124500,9600,5,6,1959,1959,1041,270,1041,0,1,1,1
404,164900,14559,5,7,1951,2000,1008,288,1363,0,1,1,1
405,129900,9100,5,5,1958,1958,864,624,864,0,1,1,1
406,134000,9187,6,5,1983,1983,1084,484,1080,0,1,1,1
407,96500,10594,5,5,1926,1950,768,200,789,0,1,1,1
408,158000,10448,6,6,1972,1972,689,583,1378,741,1,2,2
409,265000,10208,7,5,1996,1997,1264,889,1277,1067,1,1,1
410,211000,9531,6,5,1998,1998,794,546,882,914,1,1,1
411,234000,10918,7,9,1926,2004,1276,282,1276,804,1,1,1
412,106250,10800,4,7,1900,2000,0,0,694,600,2,1,1
413,150000,11988,6,6,1957,1957,1244,336,1244,0,1,1,1
414,159000,5000,6,7,1947,1950,1004,420,1004,660,1,1,1
415,176000,7500,7,5,2005,2005,1257,453,1266,0,1,1,1
416,132000,13300,5,7,1956,2000,928,252,928,0,1,1,1
417,86000,9098,4,7,1920,2002,528,0,605,0,1,1,1
418,175000,10200,6,5,1988,1989,1461,600,1509,0,1,1,2
419,128000,6155,6,8,1920,1999,611,502,751,611,1,1,1
420,107500,7200,5,7,1955,2007,0,392,827,0,1,1,1
421,39300,5000,1,3,1946,1950,0,0,334,0,1,1,1
422,178000,9056,8,5,2004,2004,707,403,707,707,1,1,1
423,107500,7000,5,7,1910,1991,1117,0,820,527,2,1,1
424,188000,8924,7,5,1998,1999,880,527,880,844,1,1,1
425,111250,12735,4,5,1972,1972,864,576,864,0,1,2,1
426,158000,11553,5,5,1968,1968,1051,336,1159,0,1,1,1
427,272000,11423,8,5,2001,2002,1581,670,1601,0,1,1,1
428,315000,14601,9,5,2006,2006,1838,765,1838,0,1,1,1
429,248000,11000,8,5,2000,2000,969,648,997,1288,1,1,1
430,213250,10140,7,5,1998,1999,1650,583,1680,0,1,1,1
431,133000,4058,7,5,1998,1998,723,367,767,0,4,1,1
432,229000,13837,7,5,1988,1988,1204,786,1377,806,1,1,1
433,210000,8737,6,7,1923,1950,1065,440,915,720,1,1,1
434,129500,7244,5,7,1970,1970,768,624,768,0,1,1,1
435,125000,8235,5,7,1955,1995,825,720,825,0,1,1,1
436,263000,9375,7,5,2003,2004,912,615,912,1182,1,1,1
437,140000,4043,6,6,1977,1977,1069,440,1069,0,4,2,2
438,112500,6000,5,6,1957,1957,928,288,928,0,1,1,1
439,255500,11146,8,5,2006,2006,1709,908,1717,0,1,1,1
440,108000,8777,4,5,1949,2003,0,520,1126,0,1,1,1
441,284000,10625,7,5,2003,2004,998,871,1006,1040,1,1,1
442,113000,6380,5,6,1922,1950,993,280,1048,0,1,1,1
443,141000,14850,5,5,1957,1957,1092,299,1092,0,1,1,1
444,108000,11040,4,6,1920,1950,637,570,897,439,1,2,1
445,234000,3196,7,5,2003,2004,1374,420,1557,0,4,1,1
446,121500,11341,5,6,1957,1996,1392,528,1392,0,1,1,1
447,170000,10010,5,5,1974,1975,1389,418,1389,0,1,1,1
448,108000,13907,5,6,1940,1969,996,0,996,0,1,1,1
449,268000,13346,7,5,1992,2000,1095,590,1166,1129,1,1,1
450,128000,6858,6,4,1915,1950,806,216,841,806,1,1,1
451,214000,10171,7,5,2004,2004,1517,532,1535,0,1,1,1
452,135960,7032,5,5,1979,1979,943,600,943,0,3,1,1
453,142600,13101,5,5,1965,1965,1728,576,1728,0,3,1,1
454,120000,7332,6,6,1959,1959,864,288,864,0,1,1,2
455,170000,9967,7,5,2000,2000,384,400,774,656,1,1,1
456,139000,10500,5,7,1971,2005,372,288,576,533,1,1,1
457,118500,8480,5,5,1947,1950,832,336,832,384,1,2,2
458,145000,6292,7,7,1928,1950,861,216,877,600,1,1,1
459,164500,11777,5,6,1966,1966,1164,564,1320,0,1,1,2
460,146000,3604,7,5,2007,2007,689,540,703,689,4,1,2
461,131500,12150,5,5,1954,1954,1050,352,1050,745,1,1,1
462,181900,14585,6,6,1960,1987,1144,572,1429,0,1,1,1
463,118500,11841,6,5,1990,1990,816,0,816,0,3,1,1
464,133000,6120,4,7,1935,1995,884,240,989,584,1,1,1
465,130000,10267,6,7,1918,2000,816,275,838,0,1,1,1
466,137000,8740,5,6,1982,1982,840,528,860,0,1,1,1
467,79500,9100,5,6,1930,1960,742,308,779,0,1,1,1
468,185900,8320,7,5,2004,2004,770,520,770,812,1,1,1
469,138000,6600,5,8,1982,2003,816,816,816,0,1,1,1
470,140000,4435,6,5,2003,2003,848,420,848,0,4,1,1
471,110000,7990,5,6,1975,1975,924,280,924,0,1,1,1
472,114504,3600,6,7,1910,1993,684,216,684,684,1,1,1
473,217500,12984,5,6,1977,1977,1430,621,1647,0,1,1,1
474,151000,1950,6,6,1980,1980,716,452,716,840,5,2,1
475,275000,10927,8,5,2005,2005,1058,736,1058,846,1,1,1
476,141000,9000,6,6,1937,1950,780,544,780,595,1,1,1
477,220000,10041,8,5,1992,1992,908,506,927,988,1,1,2
478,151000,3182,7,5,2004,2005,600,480,600,600,4,1,1
479,221000,12803,7,5,2002,2002,1494,530,1494,0,1,1,1
480,205000,13600,7,6,1965,1990,768,486,1186,800,1,1,1
481,152000,12464,5,5,1996,1996,1040,576,1040,0,1,1,1
482,225000,7800,5,8,1948,2002,896,230,1112,896,1,1,1
483,118500,7943,4,5,1961,1961,1029,261,1029,0,1,1,1
484,148000,10395,6,6,1978,1978,1032,564,1032,0,1,1,1
485,261500,11885,8,5,2001,2001,1299,531,1299,573,1,1,1
486,75500,1491,4,6,1972,1972,630,0,630,0,4,1,1
487,137500,8800,6,7,1963,1963,936,480,1054,0,1,1,2
488,183200,7861,6,5,2002,2003,783,393,807,702,1,1,1
489,105500,7227,6,6,1954,1954,832,528,832,0,1,1,1
490,305000,12244,8,5,2003,2003,1482,749,1482,780,1,1,1
491,67000,8248,3,3,1914,1950,864,0,864,0,1,1,1
492,240000,10800,6,7,1974,1997,1522,624,1548,1066,1,1,1
493,135000,7064,5,6,1977,1977,980,484,980,0,1,1,1
494,168500,2117,6,5,2000,2000,756,440,756,756,4,1,1
495,165150,10400,6,5,1972,1972,732,484,1012,778,1,1,1
496,160000,10000,6,6,1962,1962,1116,440,1116,0,1,1,1
497,139900,12342,5,5,1960,1978,978,286,1422,0,1,1,1
498,153000,9600,6,6,1955,1972,1156,364,1520,0,1,1,1
499,168500,9020,6,5,1964,1964,1248,520,1350,0,1,1,1
500,124000,9000,5,6,1880,1991,636,240,1089,661,1,1,2
501,209500,4590,8,5,2006,2006,1554,627,1554,0,5,1,1
502,139400,9250,5,7,1954,2005,1056,260,1056,0,1,1,1
503,144000,6979,6,5,1980,1980,1056,576,1056,0,3,1,1
504,200000,10896,6,7,1914,1995,1440,0,1440,1440,2,1,2
505,93000,6000,5,4,1954,1954,811,256,811,576,2,1,1
506,85000,8777,5,7,1910,1950,796,0,796,0,1,1,1
507,274000,12677,8,5,2003,2004,1518,588,1518,0,4,1,1
508,226000,7050,7,5,2001,2001,1057,650,1057,872,1,1,1
509,152000,10793,5,5,1969,1969,780,462,780,840,1,1,1
510,143250,10530,6,5,1971,1971,981,576,981,0,1,1,1
511,98300,7200,5,5,1950,1950,0,420,1048,0,1,1,1
512,155000,10452,6,5,1953,1953,1094,495,1094,0,1,1,1
513,155000,7700,6,5,1966,1966,756,442,1051,788,1,1,1
514,84500,1936,4,6,1970,1970,630,0,630,0,5,1,1
515,205950,8125,7,6,2007,2007,813,562,822,843,1,1,1
516,108000,9084,4,5,1940,1950,755,296,755,755,1,1,1
517,191000,8750,7,5,1996,1996,880,512,909,807,1,1,1
518,135000,10320,6,7,1906,1995,756,216,756,713,1,1,1
519,145500,10007,5,7,1959,2006,1053,312,1053,0,1,1,1
520,149000,7200,7,6,1931,2000,776,270,851,651,1,1,1
521,97500,17503,6,5,1948,1950,912,330,912,546,1,1,2
522,167000,9937,5,7,1964,1999,1486,480,1486,0,1,1,1
523,197900,12384,7,7,1976,1976,793,550,1142,793,1,1,1
524,110000,13560,6,3,1968,1968,1392,576,1392,0,1,1,1
525,137500,10012,4,5,1972,1972,1138,588,1181,0,1,1,1
526,230500,11194,8,5,2000,2000,1406,504,1454,482,1,1,1
527,129000,18450,6,5,1965,1979,1021,596,1465,915,1,1,2
528,193500,8125,6,5,1994,1998,1408,575,1679,0,1,1,1
529,168000,14175,5,6,1956,1987,1188,576,1437,0,1,1,1
530,137500,11600,4,5,1922,1950,700,252,1180,0,1,1,1
531,173500,8633,6,5,2005,2005,738,540,738,738,1,1,1
532,103600,6629,6,6,1925,1950,672,300,697,672,1,1,1
533,165000,11250,6,6,1977,1977,1208,546,1208,0,1,1,1
534,257500,14442,6,7,1957,2004,1477,416,1839,0,1,1,1
535,140000,9200,6,6,1965,1965,1136,384,1136,0,1,1,1
536,148500,2289,6,6,1978,1978,855,440,855,586,5,1,1
537,87000,9600,4,2,1900,1950,1095,779,1095,679,1,1,1
538,109500,9022,5,8,1924,2006,768,240,792,0,1,1,1
539,128500,9945,5,5,1961,1961,988,572,988,0,1,1,1
540,143000,8012,6,5,1980,1980,923,264,923,0,4,1,1
541,159434,4500,5,5,1932,2000,793,281,848,672,1,1,2
542,173000,2887,6,5,1996,1997,1291,431,1291,0,1,1,1
543,285000,11248,9,5,2002,2002,1626,702,1668,0,1,1,1
544,221000,16770,7,5,1998,1998,1195,486,1195,644,1,1,1
545,207500,5062,7,5,1984,1984,1190,577,1190,900,4,1,1
546,148800,5105,7,5,2004,2004,551,480,551,551,4,1,1
547,194700,7577,6,5,2005,2006,1362,460,1362,0,4,1,1
548,141000,4426,6,5,2004,2004,848,420,848,0,4,1,1
549,108480,5400,5,6,1921,1968,1073,326,1073,0,1,1,2
550,141500,6120,5,6,1936,1950,927,576,1067,472,1,1,1
551,176000,13811,6,6,1987,1987,1112,551,1137,0,1,1,1
552,89000,6000,5,7,1921,1950,616,205,616,0,1,1,1
553,123500,6420,5,7,1952,1952,980,308,1148,0,1,1,1
554,138500,8450,5,8,1965,2009,894,336,894,0,1,1,1
555,196000,4282,7,5,2004,2004,1391,530,1391,0,4,1,1
556,312500,14331,8,5,2002,2002,1800,765,1800,0,1,1,1
557,140000,9600,7,5,1969,1969,1164,528,1164,0,1,2,1
558,140000,7630,5,9,1900,1996,360,672,1032,780,2,1,1
559,213000,8400,7,5,2004,2005,1473,606,1484,0,1,1,1
560,55000,5600,4,5,1930,1950,0,0,372,720,2,1,1
561,254000,6240,8,5,2006,2006,1324,550,1324,0,4,1,1
562,109900,7162,5,7,1966,1966,876,408,904,0,1,1,2
563,52000,4130,3,6,1935,2003,270,0,729,0,1,1,1
564,102776,8712,4,7,1900,1950,859,384,859,319,1,1,2
565,189000,4671,8,5,1988,1989,1228,472,1228,0,4,1,1
566,129000,9873,4,5,1970,1970,960,576,960,0,2,1,1
567,130500,13517,6,8,1976,2005,725,475,725,754,1,1,1
568,165000,10140,6,5,1974,1974,1064,478,1350,0,1,1,1
569,159500,10800,7,8,1890,1998,718,704,1576,978,1,1,1
570,157000,10000,5,6,1973,2000,1176,439,1178,0,1,1,1
571,128500,9920,5,6,1969,1969,971,300,971,0,1,1,1
572,275000,6563,8,5,1985,1985,1742,564,1742,0,1,1,1
573,143000,4426,6,5,2004,2004,848,420,848,0,4,1,1
574,124500,8120,4,7,1970,1970,864,463,864,0,1,1,1
575,135000,8172,4,6,1954,1972,941,548,997,473,1,1,1
576,320000,13286,9,5,2007,2008,1698,768,1698,0,1,1,1
577,120500,6960,4,6,1970,1970,864,660,864,0,1,1,1
578,194500,7314,7,5,2007,2007,1232,632,1232,0,1,1,1
579,110000,11475,5,5,1958,1958,1584,888,1776,0,3,2,2
580,103000,6240,4,5,1925,1950,780,539,848,0,1,1,1
581,236500,5389,8,5,1995,1996,1595,608,1616,0,4,1,1
582,187500,9590,7,5,2003,2003,868,438,1146,0,1,1,1
583,222500,11404,7,5,1998,1999,1153,541,1153,878,1,1,1
584,131400,10000,5,6,1961,1983,864,264,1144,0,1,1,1
585,163000,10800,7,7,1914,1970,880,320,880,888,1,1,1
586,93500,8544,3,4,1950,1950,0,400,1040,0,3,1,1
587,239900,10463,8,5,2005,2005,893,800,901,900,1,1,1
588,190000,9313,7,5,2004,2004,864,572,864,864,1,1,1
589,132000,9600,5,7,1910,2002,264,360,768,664,1,1,2
590,142000,6768,6,8,1961,1996,912,288,912,0,1,1,1
591,179000,8450,7,5,2000,2001,1349,539,1349,0,1,1,1
592,175000,12886,5,6,1963,1999,520,480,1464,0,1,1,1
593,180000,5395,8,5,1993,1993,1337,462,1337,0,4,1,1
594,236000,8795,7,5,2000,2000,952,554,980,1276,1,1,1
595,265979,11700,7,7,1880,2003,1240,864,1320,1320,1,1,1
596,260400,10593,7,5,1996,1996,1720,527,1720,0,1,1,1
597,98000,8405,4,3,1945,1950,0,240,1088,441,1,1,1
598,96500,8800,4,7,1910,2004,576,0,792,348,1,1,1
599,162000,7750,7,5,2003,2003,660,400,660,660,1,1,1
600,217000,9236,6,5,1997,1997,1479,576,1494,0,1,1,1
601,275500,10240,8,5,2005,2005,1030,878,1038,1060,1,1,1
602,156000,7930,6,8,1969,2005,1026,440,1026,0,1,1,1
603,172500,3230,6,5,1999,1999,729,440,742,729,4,1,1
604,212000,10769,8,5,2007,2007,866,578,866,902,1,1,1
605,158900,11616,6,5,1978,1978,672,440,672,714,1,1,2
606,179400,2280,7,5,1999,1999,744,440,757,744,5,1,1
607,290000,12257,8,5,1995,1995,1318,752,1328,1203,1,1,1
608,127500,9100,6,6,1959,1959,864,300,864,0,1,1,1
609,100000,6911,5,5,1924,1950,1145,440,1301,0,1,1,1
610,270000,9549,8,5,1995,1996,1494,481,1494,0,4,1,1
611,196500,10421,7,5,1988,1988,980,496,980,734,1,1,1
612,160000,12508,6,7,1940,1985,983,423,983,767,1,1,1
613,216837,9100,7,5,2004,2005,1860,484,1836,0,1,1,1
614,134900,7252,5,5,1982,1982,858,576,858,0,1,1,1
615,102000,8877,4,5,1951,1951,836,396,1220,0,1,2,1
616,107000,7819,6,5,1976,1976,1029,672,1117,0,1,1,2
617,114500,10150,5,5,1958,1958,912,275,912,0,1,2,1
618,162000,4500,6,5,1998,1998,1204,412,1204,0,4,1,1
619,142500,13350,5,5,1974,1974,864,440,894,0,1,1,1
620,144000,8400,5,5,1977,1977,0,630,2020,0,3,1,1
621,135000,10530,6,5,1977,1977,975,504,1004,0,3,1,1
622,176000,7875,7,5,1995,1996,1237,402,1253,0,1,1,1
623,175900,7153,6,5,1992,1992,761,484,810,793,1,1,1
624,187100,16285,7,5,2001,2002,1413,605,1430,0,1,1,1
625,165500,9101,5,6,1978,1978,1097,602,1110,0,1,1,1
626,128000,6300,6,6,1914,2001,742,0,742,742,1,1,1
627,161500,9790,6,5,1967,1967,1372,457,1342,0,1,1,1
628,139000,10800,5,6,1915,1950,686,416,966,686,1,1,1
629,233000,10142,7,5,2004,2004,956,618,956,1128,1,1,1
630,107900,6000,4,7,1954,2000,901,281,901,0,1,1,1
631,187500,12205,6,8,1966,2007,832,444,976,1111,1,1,1
632,160200,3182,7,5,2005,2006,1145,397,1145,0,4,1,1
633,146800,11333,6,5,1976,1976,1029,539,1062,0,1,1,1
634,269790,9920,7,5,1996,1997,1117,455,1127,886,1,1,1
635,194500,10832,7,5,1994,1996,712,409,1086,809,1,1,1
636,171000,8400,6,6,1980,1981,650,476,888,676,1,1,1
637,143500,8197,6,5,1977,1977,660,528,1285,0,1,1,1
638,110000,7677,5,5,1953,1953,773,240,773,0,1,1,2
639,175000,7200,5,7,1937,1950,731,240,981,787,1,1,1
640,200000,12798,6,5,1997,1997,616,603,616,1072,1,1,1
641,109900,4800,4,7,1916,1990,1196,440,1196,0,1,1,1
642,189000,8199,7,5,2005,2005,728,410,728,728,1,1,1
643,135500,9750,5,5,1967,1967,980,384,980,0,1,1,1
644,159950,13400,5,5,1966,1966,1024,484,1086,0,1,1,1
645,106000,8100,5,5,1898,1965,849,360,1075,1063,1,1,1
646,181000,10140,6,6,1974,1999,1040,484,1309,0,1,1,1
647,157900,9750,6,6,1958,1958,1442,301,1442,0,1,2,1
648,116000,8248,5,7,1918,1950,686,280,686,564,1,1,1
649,224900,12137,7,5,1998,1998,1649,598,1661,0,1,1,1
650,137000,11425,5,6,1954,1954,1008,275,1008,0,1,1,1
651,271000,13265,8,5,2002,2002,1568,857,1689,0,1,1,1
652,155000,8816,6,7,1971,1971,1010,440,1052,0,1,1,1
653,183000,7226,7,5,2003,2003,798,595,798,842,1,1,1
654,93000,6000,4,4,1953,1953,936,576,936,0,2,1,1
655,139500,9900,6,7,1940,1950,778,240,944,545,1,1,1
656,109500,6130,5,6,1924,1950,784,0,784,0,1,1,1
657,189000,8529,7,5,2001,2001,1454,527,1434,0,1,1,1
658,147400,2544,7,5,2005,2005,600,480,520,623,5,1,1
659,166000,11900,6,5,1957,1957,1392,458,1392,0,1,1,1
660,151000,3180,7,5,2005,2005,600,480,520,600,4,1,1
661,237000,9548,7,6,2003,2003,941,613,941,888,1,1,1
662,167000,10004,6,6,1964,1964,1516,472,1516,0,1,1,1
663,139950,7875,5,6,1961,1961,1144,456,1144,0,1,1,1
664,128000,9600,4,7,1950,1995,1067,436,1067,0,1,1,1
665,153500,8100,5,6,1948,1973,1559,812,1559,0,1,2,1
666,100000,1680,6,5,1973,1973,483,264,483,504,5,1,1
667,144000,9525,5,6,1995,2006,1099,352,1099,0,1,1,1
668,130500,11767,5,6,1946,1995,768,240,768,432,1,1,1
669,140000,12155,6,8,1925,1950,672,400,810,672,1,1,1
670,157500,10440,5,8,1904,2002,650,686,958,581,1,1,1
671,174900,9020,6,7,1966,1966,1127,490,1165,0,1,1,1
672,141000,8000,5,4,1961,1961,1800,0,1800,0,3,1,1
673,153900,12665,5,8,1915,1950,876,720,876,540,1,1,1
674,171000,16647,5,5,1975,1981,1390,611,1701,0,1,1,1
675,213000,9317,7,5,1993,1993,740,425,1006,769,1,1,1
676,133500,15523,5,6,1972,1972,864,338,864,0,1,1,1
677,187000,9600,6,7,1976,1994,528,512,1094,761,1,1,1
678,131500,4435,6,5,2003,2003,848,420,848,0,4,1,1
679,215000,3196,8,5,2003,2003,1273,400,1456,0,4,1,1
680,164000,7128,7,5,1941,1950,918,240,918,728,1,1,1
681,158000,12095,6,6,1964,1964,1127,645,1445,0,1,1,1
682,170000,17920,5,4,1955,1974,1763,454,1779,0,1,1,2
683,127000,6897,5,8,1962,2010,1040,260,1040,0,1,1,1
684,147000,10970,6,6,1978,1978,940,576,1026,0,1,1,1
685,174000,8125,6,5,1994,1995,702,343,702,779,1,1,1
686,250000,11029,6,7,1968,1984,1054,619,1512,1142,1,1,1
687,189950,7642,7,8,1918,1998,912,216,912,514,1,1,1
688,131500,11625,5,4,1965,1965,1039,504,1039,0,2,1,1
689,152000,9672,6,5,1984,1985,1040,480,1097,0,1,1,1
690,132500,7931,5,5,1959,1959,1148,672,1148,0,1,1,1
691,148500,8750,5,6,1970,1970,1002,902,1002,0,1,1,1
692,129000,6970,4,5,1961,1961,1040,544,1120,0,1,1,1
693,169000,14762,5,6,1948,1950,0,672,1547,720,1,1,1
694,236000,9938,7,5,1993,1994,1050,574,1062,887,1,1,1
695,109500,6600,5,5,1962,1962,894,308,894,0,1,1,1
696,200500,8750,6,5,1998,1998,804,523,804,878,1,1,1
697,116000,8892,5,7,1953,1996,105,414,910,0,1,1,1
698,133000,12144,5,7,1949,1950,832,288,1036,0,1,1,1
699,66500,5720,5,6,1941,1950,676,200,676,455,1,1,2
700,148000,11782,5,7,1961,1995,1109,576,1155,0,1,1,1
701,136500,7000,5,8,1978,2005,864,336,864,0,1,1,1
702,157000,7024,5,5,2005,2006,1090,450,1090,0,1,1,1
703,187500,13758,7,5,1990,1991,1156,400,1187,530,1,1,1
704,178000,9636,6,5,1992,1993,808,389,808,785,1,1,1
705,118500,6204,4,5,1912,1950,795,440,954,795,1,1,1
706,100000,7150,5,5,1967,1967,892,288,892,0,1,1,1
707,135500,16466,5,7,1955,1955,816,300,872,521,1,1,1
708,268000,15865,8,6,1970,1970,2217,621,2217,0,1,1,1
709,149500,12160,6,4,1953,1953,1505,505,1505,0,1,1,1
710,122900,8064,5,7,1949,2006,672,576,672,252,1,1,1
711,172500,11184,6,5,1978,1978,918,440,918,765,1,1,1
712,154500,8414,6,8,1963,2003,1059,264,1068,0,1,1,1
713,165000,13284,5,5,1954,1954,1383,354,1383,0,1,1,1
714,140000,7056,6,5,1963,1963,780,483,983,813,1,1,1
715,106500,8765,4,6,1936,1950,951,327,951,0,1,1,2
716,135000,6993,5,7,1961,1994,912,288,1236,0,1,1,1
717,110000,7340,4,6,1971,1971,858,684,858,0,1,1,1
718,153000,8712,5,7,1957,2000,992,756,1306,0,1,1,1
719,180000,7875,7,5,2003,2003,783,393,807,702,1,1,1
720,125500,6173,5,6,1967,1967,876,288,902,0,1,1,1
721,128000,9920,5,5,1954,1954,1056,280,1063,0,1,1,1
722,255000,13501,8,5,2006,2006,1623,865,1636,0,1,1,1
723,250000,11500,7,7,1936,1987,1017,180,1020,1037,1,1,1
724,131000,8885,5,5,1983,1983,864,484,902,0,1,1,1
725,174000,12589,6,5,2005,2005,742,390,742,742,1,1,1
726,154300,11600,5,5,1960,1960,1105,480,1105,1169,3,1,1
727,143500,9286,5,7,1977,1989,1268,252,1268,0,1,1,1
728,88000,6120,5,7,1925,1950,768,450,1015,0,1,1,2
729,145000,6270,5,6,1949,1950,1001,871,1001,1001,3,1,1
730,75000,2001,4,5,1970,1970,546,286,546,546,5,1,1
731,35311,9000,2,3,1949,1950,480,308,480,0,1,1,2
732,135000,17140,4,6,1956,1956,1134,284,1229,0,1,1,1
733,238000,13125,7,5,1991,1991,1104,833,912,1215,1,1,1
734,176500,11029,6,8,1958,2002,1184,601,1414,0,1,1,1
735,201000,8462,6,5,1994,1994,928,471,936,785,1,1,1
736,145900,8777,5,7,1900,2003,1272,0,1272,928,3,1,1
737,193000,8012,6,5,1993,1994,1604,533,1617,0,4,1,1
738,207500,10240,6,6,1980,1980,1686,612,1686,0,1,1,1
739,175000,15611,5,6,1977,1977,1126,540,1126,0,1,1,2
740,285000,11999,8,5,2003,2004,1181,656,1234,1140,1,1,1
741,176000,9900,7,5,1968,1968,832,486,1098,880,1,1,1
742,236500,11838,8,5,2001,2001,1753,522,1788,0,1,1,1
743,222000,13006,7,5,1997,1997,964,642,993,1243,1,1,1
744,201000,8925,8,5,2007,2007,1466,610,1466,0,1,1,1
745,117500,9100,5,6,1965,1965,925,429,925,0,1,1,1
746,190000,8487,7,5,2004,2004,1500,570,1500,0,1,1,1
747,79900,5825,4,5,1926,1953,600,528,747,0,1,1,1
748,184900,10083,7,5,2003,2003,1176,555,1200,0,1,1,1
749,253000,9675,7,5,2005,2005,1113,689,1113,858,1,1,1
750,150900,12640,6,5,1976,1976,1728,574,1728,0,3,1,1
751,214000,8755,7,5,1999,1999,992,390,1022,1038,1,1,1
752,137500,14375,6,6,1958,1958,819,525,1344,0,1,2,2
753,124900,8820,5,6,1890,1996,1088,456,1188,561,1,1,1
754,143000,8163,5,6,1959,1959,1144,796,1144,0,1,1,1
755,270000,14536,8,5,2002,2003,1616,808,1629,0,1,1,1
756,192500,14006,7,5,2002,2002,936,474,936,840,1,1,1
757,197500,9360,6,7,1972,2006,1161,676,1381,0,1,1,1
758,129000,7200,5,8,1950,2002,864,720,864,0,1,1,1
759,119900,7800,5,5,1965,1965,828,300,965,0,1,1,2
760,133900,7200,5,8,1972,2003,768,396,768,0,1,1,1
761,172000,11075,5,4,1969,1969,784,530,1168,800,1,1,1
762,145000,7136,6,6,1946,1950,979,492,979,979,3,1,1
763,124000,1300,6,6,1980,1980,561,462,561,668,4,1,1
764,132000,7420,5,5,1962,1962,1057,576,1057,0,1,1,1
765,185000,8450,7,5,2003,2003,1337,531,1337,0,1,1,1
766,155000,2572,7,5,1999,1999,696,484,696,720,5,1,1
767,116500,7207,5,7,1958,2008,858,0,858,0,1,1,1
768,272000,12227,6,7,1977,1995,1330,619,1542,1330,1,1,1
769,155000,2308,6,6,1976,1976,804,440,804,744,4,1,1
770,239000,11923,9,5,2007,2007,1800,702,1800,0,1,1,1
771,214900,11316,7,5,2002,2003,817,510,824,1070,1,1,1
772,160000,9600,5,7,1940,1950,728,256,976,332,1,1,1
773,135000,7390,5,7,1955,1955,1098,260,1098,0,1,1,1
774,37900,5925,3,6,1910,1950,600,0,600,368,1,1,2
775,135000,10800,4,4,1949,1950,720,0,720,472,1,1,2
776,173000,2268,7,5,2003,2004,764,474,764,862,5,1,1
777,99500,7892,6,5,1979,1979,918,264,918,0,4,1,1
778,167500,11414,7,8,1910,1993,728,532,1136,883,1,1,1
779,165000,2651,7,5,2000,2000,673,490,673,709,5,1,1
780,85500,5900,4,7,1923,1958,440,0,869,0,1,1,1
781,110000,9450,4,5,1954,1954,894,400,894,0,1,1,2
782,139000,8816,5,6,1963,1963,1121,480,1121,0,1,1,1
783,178400,12122,7,9,1961,2007,944,588,999,0,1,1,1
784,159895,3182,7,5,2007,2007,1266,388,1266,0,1,1,1
785,255900,11250,8,5,2002,2002,1128,779,1149,1141,1,1,1
786,126000,10125,5,5,1977,1977,0,539,1302,432,3,2,1
787,117000,5310,6,8,1910,2003,485,255,1001,634,1,1,1
788,195000,12046,6,6,1976,1976,848,551,1118,912,1,1,1
789,168000,17671,8,9,1882,1986,916,424,916,826,1,1,1
790,187000,9760,6,8,1964,1993,822,440,1020,831,1,1,1
791,121600,4712,4,7,1946,1950,747,305,774,456,1,1,2
792,136500,10659,5,6,1961,1961,1050,368,1050,0,1,2,1
793,185000,11717,6,6,1970,1970,1442,615,1442,0,1,1,1
794,91000,9786,3,4,1922,1950,1007,210,1077,0,1,1,1
795,206000,6762,7,5,2006,2006,1187,632,1208,0,1,1,1
796,82000,10206,3,3,1952,1952,0,528,944,0,1,1,1
797,86000,5400,5,6,1920,1950,691,216,691,0,1,1,2
798,232000,11957,8,5,2006,2006,1574,824,1574,0,1,1,1
799,136905,11500,5,6,1976,1976,1680,528,1680,0,3,1,1
800,181000,3182,7,5,2005,2006,1346,457,1504,0,4,1,1
801,149900,8385,5,8,1977,1977,985,328,985,0,1,1,1
802,163500,12155,6,3,1970,1970,1657,484,1657,0,1,1,1
803,88000,2217,4,4,1970,1970,546,286,546,546,4,1,1
804,240000,12118,7,5,2004,2005,1710,550,1710,0,1,1,1
805,102000,6000,5,5,1926,1950,1008,0,1008,0,1,1,1
806,100000,9825,5,5,1965,1965,0,0,1664,0,3,1,1
807,165000,10592,6,7,1923,1996,602,180,900,602,1,1,1
808,85000,7200,5,4,1910,2006,1022,280,1022,0,1,1,1
809,119200,11664,6,5,1948,1950,1082,240,1082,0,1,1,1
810,227000,8400,8,6,2001,2001,810,528,810,855,1,1,1
811,203000,11883,7,5,1996,1996,1504,478,1504,0,1,1,1
812,187500,5814,8,5,1984,1984,1220,565,1360,0,4,2,2
813,160000,10784,7,5,1991,1992,384,402,802,670,1,1,1
814,213490,3013,7,5,2005,2005,1362,440,1506,0,4,1,1
815,176000,7024,4,5,2005,2005,1132,451,1132,0,1,1,1
816,87000,9439,5,5,1930,1950,912,160,912,336,1,1,1
817,191000,3182,7,5,2005,2006,1346,437,1504,0,4,1,1
818,287000,15498,8,6,1976,1976,1565,665,2898,0,1,2,2
819,112500,7700,5,5,1972,1972,882,461,882,0,1,1,1
820,167500,9300,5,5,1960,1960,1268,461,1264,0,1,1,1
821,105000,9492,5,5,1941,1950,768,240,968,408,1,1,1
822,118000,1680,6,7,1972,1972,672,264,672,546,5,1,1
823,160000,7082,5,8,1916,1995,686,0,948,980,2,1,1
824,197000,15863,7,3,1920,1970,824,672,1687,998,1,1,1
825,310000,14541,8,7,1993,1993,1338,796,1352,1168,1,1,2
826,230000,8125,7,5,2002,2002,1654,900,1654,0,1,1,1
827,119750,6305,5,7,1938,1950,920,240,954,0,1,1,1
828,84000,11500,4,3,1957,1957,0,290,845,0,1,1,1
829,315500,12898,9,5,2007,2008,1620,912,1620,0,1,1,1
830,287000,9240,8,5,2001,2002,1055,905,1055,1208,1,1,1
831,97000,1533,4,6,1970,2008,546,0,798,546,5,1,1
832,80000,1477,4,4,1970,1970,630,286,630,0,4,1,1
833,155000,13125,5,4,1957,2000,1134,484,1803,0,1,1,1
834,173000,9130,6,8,1966,2000,800,484,800,832,1,1,1
835,196000,5381,6,5,2005,2005,1306,624,1306,0,5,1,1
836,262280,11839,7,5,1990,1990,1475,514,1532,797,1,1,1
837,278000,9600,8,5,1981,1981,2524,542,2524,0,1,1,1
838,139600,13680,3,5,1955,1955,0,452,1733,0,1,1,1
839,145000,9245,5,5,1994,1995,990,672,990,0,1,1,1
840,84900,11100,4,7,1946,2006,0,308,930,0,1,1,2
841,165000,9500,6,6,1964,1978,816,540,1127,850,1,1,1
842,144500,8562,5,6,1957,2002,1216,364,1526,0,1,1,1
843,255000,11367,8,5,2002,2002,1065,586,1091,898,1,1,1
844,180000,11361,6,5,1976,1976,1193,478,1523,0,1,2,2
845,185850,7052,7,5,2005,2005,1364,484,1364,0,4,1,1
846,220000,11275,6,7,1932,1950,854,432,1096,895,1,1,1
847,213500,4920,8,5,2001,2001,1338,582,1338,0,4,1,1
848,90000,13600,5,5,1900,1950,662,560,1422,915,2,1,1
849,110500,6000,6,6,1925,1980,1103,440,1103,0,1,1,1
850,154000,11000,5,6,1966,1966,1154,480,1154,0,1,1,1
851,178000,7837,6,7,1993,1994,799,380,799,772,1,1,1
852,167900,9760,6,6,1964,1964,780,442,798,813,1,1,1
853,151400,3964,6,4,1973,1973,942,576,1291,1230,4,1,1
854,135000,9600,5,7,1949,2003,845,576,893,0,1,1,1
855,135000,10152,5,5,1956,1956,1048,286,1048,0,1,1,1
856,154000,11700,6,6,1968,1968,727,441,829,727,1,1,1
857,91500,7585,5,3,1948,1950,810,280,1002,454,1,1,1
858,159500,7950,6,6,1977,1977,690,440,698,728,1,1,1
859,194000,8556,7,5,2006,2006,1240,826,1240,0,1,1,1
860,170000,10800,5,8,1936,1989,796,566,1096,370,1,1,1
861,138800,15870,5,5,1969,1969,1096,299,1096,0,1,1,2
862,155900,4435,6,5,2004,2004,848,420,848,0,4,1,1
863,126000,8775,5,5,1994,1994,990,299,990,0,1,1,1
864,145000,11040,6,7,1971,2004,1258,528,1258,0,1,2,2
865,133000,7500,5,5,1963,1963,1040,308,1040,0,1,1,1
866,192000,8749,7,5,2002,2002,1459,527,1459,0,1,1,1
867,160000,8800,6,6,1964,1964,1251,461,1251,0,1,1,1
868,187500,13031,6,5,1995,1996,691,409,691,807,1,1,1
869,147000,9069,6,6,1992,1992,936,564,996,0,1,1,1
870,83500,1974,4,5,1973,1973,546,286,546,546,4,1,1
871,252000,10574,8,5,2005,2006,1082,1043,1082,871,1,1,1
872,137500,2522,7,5,2004,2004,970,380,970,739,5,1,1
873,197000,3316,8,5,2005,2005,1247,550,1247,0,4,1,1
874,92900,8544,3,4,1950,1950,0,400,1040,0,3,1,1
875,160000,2160,7,5,1999,2000,600,462,624,628,5,1,1
876,136500,8400,6,5,1925,1950,1181,576,1390,304,1,1,1
877,146000,9230,5,8,1965,1998,864,884,1200,0,1,1,1
878,129000,5868,5,7,1956,2000,936,308,936,0,1,1,1
879,176432,9317,6,5,2006,2006,1314,440,1314,0,1,1,1
880,127000,6882,6,7,1914,2006,684,0,773,582,1,1,1
881,170000,3696,8,5,1986,1986,1074,461,1088,0,4,1,1
882,128000,6000,4,6,1936,1950,672,240,757,567,1,1,1
883,157000,11880,7,5,1978,1978,1271,478,1601,0,1,2,2
884,60000,8400,2,5,1920,1950,290,246,438,0,1,1,1
885,119500,9758,5,5,1971,1971,950,280,950,0,1,1,1
886,159500,8910,6,6,1959,1959,655,539,1194,0,1,1,1
887,106000,2016,5,5,1970,1970,630,440,630,672,4,1,1
888,179900,10357,7,5,1990,1991,910,719,1442,0,1,1,1
889,181000,8063,6,5,2000,2000,924,463,948,742,1,1,2
890,280000,11362,8,5,2004,2005,1836,862,1836,0,1,1,1
891,188000,8000,6,5,1995,1996,773,431,773,885,1,1,1
892,205000,10480,7,6,1976,1976,803,483,1098,866,1,1,1
893,129900,7100,5,7,1957,1957,816,308,816,0,1,1,1
894,134500,8923,5,7,1953,2006,1008,240,1008,0,1,1,1
895,117000,5400,5,7,1954,2000,833,326,833,0,1,1,1
896,184100,7750,8,5,2002,2002,408,527,779,640,1,1,1
897,130000,9764,5,7,1967,2003,894,450,894,0,1,1,1
898,140000,13825,5,6,1958,1987,533,300,1021,580,1,1,1
899,133700,7560,5,5,1959,1959,1040,286,1040,0,1,1,1
900,118400,8263,6,5,1920,1950,1012,308,1012,0,1,1,1
901,112000,8926,4,3,1956,1956,672,288,960,0,1,2,2
902,118000,9405,5,9,1947,2008,698,0,698,0,1,1,1
903,163900,9125,7,5,1992,1992,384,392,812,670,1,1,1
904,115000,10434,4,5,1955,1955,1005,672,1005,0,1,1,1
905,174000,3684,7,5,2007,2007,1373,660,1555,0,4,1,1
906,215000,11796,7,5,2004,2005,847,434,847,1112,1,1,1
907,140000,7200,5,5,1980,1980,936,672,936,0,3,1,1
908,135000,7804,4,3,1928,1950,1122,576,1328,653,1,1,1
909,117500,9900,6,4,1880,1950,1008,205,1178,1032,1,1,1
910,239500,9828,8,5,1995,1995,1128,466,1142,878,1,1,1
911,169000,8773,6,5,1997,1997,916,460,916,684,1,1,1
912,102000,6180,6,5,1926,1950,960,180,986,0,1,1,1
913,119000,9600,6,5,1950,1950,1032,288,1032,220,1,1,2
914,94000,6342,5,8,1875,1996,780,0,780,240,1,1,1
915,196000,9819,6,5,1977,1977,1567,714,1567,0,1,1,1
916,144000,8731,5,5,1920,1950,915,495,1167,0,1,1,1
917,139000,7350,5,7,1951,1951,952,840,952,0,1,2,2
918,197500,10304,5,7,1976,1976,780,484,1088,780,1,1,1
919,80000,9000,5,3,1959,1959,1006,0,1006,0,1,1,1
920,80000,12180,4,4,1941,1950,672,280,672,252,2,1,1
921,180000,11200,6,5,1985,1985,1298,403,1298,0,1,1,1
922,174500,12000,7,7,1941,1950,704,234,860,704,1,1,1
923,116900,5700,7,7,1926,1950,572,288,572,539,1,1,1
924,143000,9000,7,9,1920,1988,650,324,832,650,1,1,1
925,124000,8280,6,5,1950,1950,932,306,932,0,1,1,1
926,149900,17755,5,4,1959,1959,1466,528,1466,0,1,1,1
927,230000,14115,6,7,1956,2004,1073,470,1811,0,1,1,2
928,120500,5890,6,8,1930,2007,816,432,816,0,1,1,1
929,201800,13700,7,6,1965,1988,864,492,902,918,1,1,1
930,218000,10768,5,8,1976,2004,1437,528,1437,0,1,1,1
931,179900,9350,5,8,1965,1999,1219,502,1265,0,1,1,1
932,230000,5001,7,5,2007,2008,1314,626,1314,0,5,1,1
933,185000,9120,6,6,1974,1974,901,540,943,933,1,1,1
934,146000,2280,6,5,1978,1978,855,440,855,601,5,1,1
935,224000,14778,6,7,1954,2006,1296,924,1640,0,1,1,1
936,129000,8724,5,5,1968,1968,894,450,894,0,1,1,1
937,194000,16157,5,7,1978,1978,1360,588,1432,0,1,1,1
938,245350,10475,8,5,2008,2008,1694,776,1694,0,1,1,1
939,173000,10852,6,5,2000,2000,959,472,959,712,1,1,1
940,235000,13728,6,7,1935,1986,1127,540,1236,872,1,1,1
941,171000,9880,6,6,1977,1977,1096,358,1118,0,1,1,1
942,163000,9120,6,6,1958,1958,1261,433,1261,0,1,1,1
943,171900,4017,7,5,2006,2007,625,625,625,625,4,1,1
944,200500,18030,5,6,1946,1994,1598,0,1636,971,1,1,1
945,239000,16560,6,8,1932,1950,952,360,1170,1175,1,1,1
946,285000,10678,8,5,1992,2000,1683,541,2129,743,1,1,1
947,119500,6951,5,5,1984,1985,876,264,923,0,1,1,1
948,115000,3950,6,8,1926,2004,818,210,818,406,1,1,1
949,154900,7681,5,6,1921,1950,731,186,820,523,1,1,1
950,93000,8335,5,5,1954,1954,0,0,1124,0,1,1,1
951,250000,11170,7,5,1990,1991,1216,693,1298,1216,1,1,1
952,120000,10800,5,6,1920,1950,1120,720,1130,0,1,1,1
953,104900,9738,5,7,1924,1950,784,392,949,272,1,1,1
954,95000,10615,3,5,1900,1970,978,420,1014,685,2,1,2
955,262000,12461,8,5,1994,1995,1624,757,1624,0,1,1,1
956,195000,8935,7,5,2002,2002,831,493,831,829,1,1,1
957,189000,7500,7,5,1999,1999,994,442,1028,776,1,1,1
958,174000,2645,8,5,1999,2000,776,492,764,677,5,1,1
959,125000,9600,5,8,1925,1994,702,250,842,630,1,1,1
960,165000,4500,6,5,1999,1999,1224,402,1224,0,4,1,1
961,158000,9364,6,7,1969,1969,663,299,663,689,1,1,1
962,176000,8029,6,5,2005,2005,728,400,728,728,1,1,1
963,178000,9100,7,5,2001,2001,1212,573,1212,0,1,1,1
964,148000,11235,4,5,1963,1979,1051,459,1382,0,1,1,1
965,197900,10400,7,5,1998,1998,866,546,866,913,1,1,1
966,117000,6000,5,8,1925,1997,884,216,884,464,1,1,1
967,213000,9750,7,5,2000,2001,1630,451,1630,0,1,1,1
968,153500,10140,5,6,1975,1975,1056,495,1074,0,1,1,1
969,271900,14684,7,7,1990,1991,2158,701,2196,0,1,1,1
970,107000,8900,4,4,1966,1966,1056,384,1056,0,1,1,1
971,200000,9135,6,5,2003,2003,1682,544,1700,0,1,1,1
972,140000,7763,5,7,1962,1980,931,506,1283,0,1,1,1
973,189000,11218,6,5,1992,1992,1055,462,1055,790,1,1,1
974,164000,12134,8,7,1988,2005,559,492,1080,672,1,1,1
975,113000,9340,4,6,1941,1950,672,234,672,0,1,1,1
976,145000,10246,4,9,1965,2001,648,364,960,0,1,1,1
977,134500,10205,5,5,1962,1962,925,300,999,0,1,1,1
978,125000,7094,5,5,1966,1966,894,384,894,0,1,1,1
979,112000,8930,6,5,1978,1978,0,539,1318,584,3,1,1
980,80500,6240,4,5,1947,1950,0,0,672,240,1,1,1
981,91500,1680,6,5,1971,1971,672,0,672,546,5,1,2
982,115000,7800,5,5,1964,1964,912,288,912,0,1,1,2
983,134000,8250,5,5,1968,1968,952,322,1211,0,1,1,1
984,143000,10496,6,6,1949,1950,1040,315,1168,678,1,1,1
985,137900,10680,5,3,1951,1951,2136,528,2136,0,1,1,1
986,184000,15384,7,5,2004,2005,788,388,788,702,1,1,1
987,145000,10482,6,8,1958,1958,588,264,1138,0,1,1,1
988,214000,14598,6,5,2007,2007,894,668,894,1039,1,1,1
989,147000,8872,5,8,1965,2008,912,576,912,0,1,1,1
990,127000,7910,5,5,1960,1960,1075,404,1507,0,1,1,1
991,190000,18890,5,5,1977,1977,1361,600,1361,1259,3,1,1
992,132500,7728,5,6,1962,1962,1106,540,1190,0,3,1,1
993,101800,9842,4,5,1962,1962,0,462,1224,0,3,1,1
994,142000,12160,5,5,1959,1959,1188,531,1188,0,1,2,2
995,130000,8525,5,6,1911,1950,940,0,1024,940,1,1,2
996,138887,13132,5,5,1914,1950,747,180,892,892,1,1,1
997,175500,2628,7,5,2003,2003,764,474,764,862,5,1,1
998,195000,12393,7,5,2004,2005,847,434,847,1101,1,1,1
999,142500,13072,6,5,2005,2005,1141,484,1141,0,1,1,2
1000,265900,9037,8,5,2006,2006,1476,472,1484,0,1,1,1
1001,224900,8158,7,5,2003,2003,884,543,884,884,1,1,1
1002,230000,11435,8,7,1929,1950,792,400,792,725,1,1,1
1003,178000,12090,6,7,1984,2003,585,477,1140,728,1,1,2
1004,169900,12328,6,5,1976,1976,1012,888,1034,0,1,1,1
1005,129500,9600,6,5,1917,1950,735,396,1134,924,1,1,1
1006,119000,7200,5,7,1950,1950,876,276,988,0,1,1,1
1007,244000,11160,7,5,1968,1968,2110,522,2110,0,1,1,1
1008,171750,3136,7,5,2003,2003,1405,478,1405,0,4,1,1
1009,130000,9858,5,6,1968,1968,864,288,874,0,1,1,1
1010,294000,17542,7,7,1974,2003,1192,518,1516,651,1,1,1
1011,165400,6931,7,5,2003,2004,746,397,760,896,1,1,1
1012,127500,6240,6,6,1931,1950,884,560,959,408,1,1,1
1013,301500,14303,8,5,1994,1994,1986,691,1987,0,1,1,1
1014,99900,4060,5,8,1922,1950,864,0,864,0,1,1,1
1015,190000,9587,7,5,2005,2005,856,400,1166,0,1,1,1
1016,151000,9750,6,8,1969,1969,1054,460,1054,0,1,1,1
1017,128900,9600,5,6,1956,1956,1050,338,1050,0,1,1,1
1018,161500,11250,4,5,1957,1989,1104,304,1104,684,1,1,1
1019,180500,13515,6,6,1919,1950,764,520,1060,764,1,1,1
1020,181000,4060,6,5,1998,1999,1405,511,1337,0,4,2,2
1021,183900,3735,7,5,1999,1999,691,506,713,739,4,1,1
1022,122000,10120,7,4,1910,1950,925,308,964,925,2,1,1
1023,144000,11344,5,5,1958,1958,874,315,874,650,1,1,1
1024,185750,9156,6,7,1968,1968,1489,462,1489,0,1,1,1
1025,137000,13526,5,6,1965,1965,935,288,935,0,1,1,1
1026,177000,11512,6,7,1959,2006,1019,312,1357,0,1,1,1
1027,139000,5362,5,6,1910,2003,661,552,661,589,1,1,1
1028,137000,11345,5,5,1948,1950,928,400,928,992,3,1,1
1029,162000,12936,6,6,1972,1972,723,497,735,660,1,1,1
1030,197900,17871,6,5,1967,1976,1680,480,1724,0,1,1,1
1031,237000,9473,8,5,2002,2002,1128,577,1128,903,1,1,1
1032,68400,7500,4,4,1920,1950,698,528,698,430,1,2,2
1033,227000,9808,7,5,2002,2002,1573,544,1573,0,1,1,1
1034,180000,8049,7,5,1990,1990,1309,484,1339,0,1,1,1
1035,150500,8800,5,7,1977,2008,1040,484,1040,0,1,1,1
1036,139000,9400,6,5,1971,1971,912,0,912,912,3,1,1
1037,169000,9638,6,7,1919,1990,804,336,1699,748,1,1,1
1038,132500,6000,6,6,1939,1950,780,280,825,587,1,1,1
1039,143000,9790,6,5,1963,1963,1328,528,1328,0,1,1,1
1040,278000,5664,8,5,2000,2000,1501,499,1659,0,4,1,1
1041,180500,14112,5,7,1964,1964,1152,484,1152,0,1,1,1
1042,119500,1680,5,7,1972,1972,630,264,630,672,5,1,1
1043,107500,6600,5,4,1892,1965,994,432,1378,994,1,1,1
1044,162900,10140,7,5,1976,1976,832,528,832,832,1,1,1
1045,115000,8172,5,7,1955,1990,864,572,864,0,1,1,1
1046,138500,8400,5,5,1968,1968,1052,288,1052,0,1,1,1
1047,155000,8700,5,6,1963,1963,1120,525,1128,0,1,1,1
1048,154000,7500,5,7,1959,1994,1246,305,1246,0,1,1,1
1049,225000,10762,7,5,1999,1999,978,490,1005,978,1,1,1
1050,177500,7500,6,7,1942,1950,771,213,753,741,1,1,1
1051,290000,10120,8,5,1994,1994,1165,844,1203,1323,1,1,1
1052,232000,8688,7,5,2005,2005,1616,834,1616,0,1,1,1
1053,130000,3363,7,5,2004,2004,976,380,976,732,4,1,1
1054,138000,8072,5,5,1994,1995,990,480,990,0,1,1,1
1055,147000,12000,5,7,1948,2005,924,528,1122,0,1,1,1
1056,179200,7153,6,5,1991,1991,1278,496,1294,0,1,1,1
1057,335000,17500,7,8,1959,2002,1902,567,1902,0,1,1,1
1058,119000,8190,4,6,1954,1954,948,280,948,0,1,1,1
1059,206900,11075,6,5,1969,1969,952,576,1092,1020,1,1,1
1060,295493,10226,8,5,2008,2008,1622,860,1630,0,1,1,1
1061,275000,14781,8,5,2001,2002,1753,748,1787,0,1,1,1
1062,111000,10215,4,5,1954,1954,864,248,948,0,1,1,1
1063,156500,8400,6,3,1957,1957,1478,442,1478,0,1,1,1
1064,72500,6627,3,6,1949,1950,0,287,720,0,1,1,1
1065,190000,10186,7,5,1992,1992,750,564,1061,862,1,1,1
1066,82500,5330,4,7,1940,1950,420,0,708,0,1,1,1
1067,55000,3636,4,4,1922,1950,796,0,796,0,1,1,1
1068,79000,4270,3,6,1931,2006,544,0,774,0,1,1,1
1069,130500,6600,5,9,1982,2008,816,264,816,0,1,1,1
1070,256000,10440,6,7,1920,1950,1510,520,1584,1208,1,1,1
1071,176500,9084,7,5,1998,1998,935,462,955,677,1,1,1
1072,227000,10000,8,5,2006,2006,1588,825,1588,0,1,1,1
1073,132500,10780,5,5,1976,1976,911,576,954,0,1,1,1
1074,100000,8877,4,6,1938,1958,816,288,816,0,1,1,1
1075,125500,7200,5,6,1938,1995,803,297,803,557,1,1,1
1076,125000,2368,5,6,1970,1970,765,440,765,600,4,1,1
1077,167900,9650,6,5,1977,1977,1350,630,1334,0,1,1,1
1078,135000,9246,5,5,1973,1973,1656,506,1656,0,3,1,1
1079,52500,4118,4,4,1941,1950,693,0,693,0,1,1,1
1080,200000,13450,7,5,2002,2002,916,492,920,941,1,1,1
1081,128500,9560,5,7,1972,1972,864,288,864,0,1,1,1
1082,123000,8294,4,5,1971,1971,858,480,872,0,1,1,1
1083,155000,13695,6,5,2003,2004,1114,576,1114,0,1,1,1
1084,228500,9375,8,5,2002,2002,1284,647,1284,885,1,1,1
1085,177000,7558,6,6,1928,1950,896,342,1172,741,1,1,1
1086,108500,6000,4,4,1920,1950,960,308,960,0,1,1,1
1087,262500,20781,7,7,1968,2003,1568,508,2156,0,1,1,1
1088,215000,16196,7,5,1998,1998,1482,514,1494,0,1,1,1
1089,122000,5250,8,5,1872,1987,684,0,938,1215,1,1,1
1090,200000,11643,5,5,1969,1969,1248,968,1338,1296,3,1,1
1091,171000,9247,6,6,1962,1962,858,490,858,858,1,1,1
1092,134900,6000,6,9,1937,2000,698,624,786,390,1,1,1
1093,235000,10316,7,5,2000,2000,992,839,992,873,1,1,1
1094,170000,10192,7,6,1968,1992,570,487,1222,698,1,1,1
1095,110000,9477,5,5,1966,1966,864,264,892,0,1,1,1
1096,149900,12537,5,6,1971,2008,1078,500,1078,0,1,1,1
1097,177500,2117,6,5,2000,2000,756,440,769,804,5,1,1
1098,315000,16737,9,5,2004,2005,1980,770,1980,0,1,1,1
1099,189000,9842,5,6,1921,1998,612,621,990,1611,1,1,1
1100,260000,16158,7,5,2005,2005,1530,430,1530,0,1,1,1
1101,104900,12513,4,4,1920,2007,715,368,1281,457,1,1,1
1102,144152,3180,7,5,2005,2005,600,480,520,600,4,1,2
1103,216000,7500,7,5,2000,2000,814,663,814,860,1,1,1
1104,193000,9179,7,5,1999,1999,873,588,882,908,1,1,2
1105,127000,2665,5,6,1977,1977,757,336,925,550,4,1,1
1106,144000,4435,6,5,2003,2004,848,420,848,0,4,1,1
1107,232000,10635,8,5,2003,2003,1657,502,1668,0,1,1,1
1108,105000,5400,4,6,1920,1950,840,338,840,534,1,1,1
1109,165500,9600,6,6,1955,1996,992,377,1661,0,1,1,1
1110,274300,9750,7,6,1998,1998,1108,583,1108,989,1,1,1
1111,250000,10625,7,5,2005,2005,1026,936,1026,932,1,1,1
1112,91000,6292,6,5,1930,1950,768,160,790,0,1,1,1
1113,117000,10998,5,5,1941,1960,984,660,984,620,1,1,1
1114,83000,1953,6,5,1973,1973,483,264,483,504,5,1,1
1115,167500,9735,5,5,2006,2007,384,400,754,640,1,1,1
1116,58500,8212,3,3,1914,1950,864,200,864,0,1,1,1
1117,237500,12925,6,7,1970,1970,1205,550,2117,0,1,1,1
1118,157000,7200,7,7,1920,1950,596,576,998,764,1,1,1
1119,105000,9060,6,5,1939,1950,560,280,698,560,1,1,1
1120,125500,5436,4,8,1922,2007,796,240,796,358,1,1,1
1121,250000,16692,7,5,1978,1978,1392,564,1392,1392,1,1,1
1122,131000,6000,6,6,1941,1950,735,440,869,349,1,1,1
1123,235000,9100,7,5,2000,2000,1525,541,1525,0,1,1,1
1124,124000,8944,5,5,1967,1967,1584,792,1584,0,3,1,1
1125,123000,7838,5,5,1967,1967,864,288,900,0,1,1,1
1126,163000,10800,6,7,1905,2000,482,672,1221,691,2,1,1
1127,281213,12665,8,5,2005,2006,1094,642,1133,1349,1,1,1
1128,137500,6120,5,8,1920,2004,939,180,939,574,1,1,1
1129,138000,7200,5,4,1950,1982,1208,240,1136,768,1,1,1
1130,137450,6171,6,6,1925,1990,976,216,1160,448,1,1,1
1131,120000,6000,6,7,1929,1950,862,208,950,208,1,1,1
1132,193000,7415,6,5,2004,2004,839,398,864,729,1,1,1
1133,282922,15256,8,5,2007,2007,1485,754,1464,0,1,1,1
1134,133000,8445,5,7,1972,2007,768,396,768,0,1,1,1
1135,112000,8780,5,5,1985,1985,833,0,833,0,1,1,1
1136,125500,7740,4,7,1910,1950,622,528,741,622,1,1,1
1137,215000,20544,7,6,1986,1991,791,542,1236,857,1,1,1
1138,230000,12420,7,5,2001,2001,944,622,944,896,1,1,1
1139,140000,9600,6,8,1950,2005,856,271,1112,556,1,1,1
1140,90000,7200,4,5,1949,1950,0,420,1040,0,3,1,1
1141,257000,10994,8,5,2005,2006,1844,620,1844,0,1,2,2
1142,207000,13053,6,7,1923,2000,833,370,1053,795,1,1,1
1143,175900,3635,7,5,2007,2007,1386,660,1569,0,4,1,1
1144,122500,11340,4,6,1885,1950,777,560,1246,1044,2,1,1
1145,124000,9204,5,5,1963,1963,1144,336,1144,0,1,2,1
1146,223000,16381,6,5,1969,1969,1844,540,1844,0,1,1,1
1147,179900,11700,6,6,1968,1968,708,776,708,708,1,1,1
1148,127500,4043,6,5,1977,1977,1069,440,1069,0,4,1,1
1149,136500,4435,6,5,2003,2003,848,420,848,0,4,1,1
1150,144000,9503,5,5,1958,1983,1024,484,1344,0,1,1,1
1151,142000,10721,6,6,1959,1959,1252,528,1252,0,1,1,1
1152,271000,10944,7,5,1994,1994,1223,525,1223,904,1,1,1
1153,140000,10930,5,6,1945,1950,913,288,1048,510,1,1,1
1154,119000,7200,5,7,1940,1992,788,240,804,0,1,1,2
1155,182900,12546,6,7,1981,1981,1440,467,1440,0,1,1,1
1156,143750,4928,6,6,1976,1976,958,440,958,0,4,1,1
1157,64500,10800,4,6,1927,2007,656,216,968,0,1,1,1
1158,186500,10261,6,5,2000,2000,936,451,962,830,1,1,1
1159,160000,17400,5,5,1977,1977,1126,484,1126,0,1,1,1
1160,174000,8400,6,9,1962,2005,1319,462,1537,0,1,2,2
1161,120500,9000,4,6,1971,1971,864,528,864,0,1,1,1
1162,149700,7407,6,7,1957,1996,912,923,1236,0,1,1,1
1163,197000,11584,7,6,1979,1979,539,550,1040,685,1,1,1
1164,191000,11526,6,7,1922,1994,588,672,1423,748,1,1,1
1165,149300,4426,6,5,2004,2004,848,420,848,0,4,1,1
1166,121000,8854,6,6,1916,1950,952,192,952,0,1,1,1
1167,179600,8500,7,5,2004,2004,1422,626,1422,0,1,1,1
1168,129000,8400,6,5,1966,1966,814,240,913,0,1,1,1
1169,240000,10000,8,5,1995,1996,1220,556,1220,870,1,1,1
1170,112000,11767,4,7,1910,2000,560,384,796,550,1,1,1
1171,92000,1533,5,7,1970,1970,630,0,630,0,5,1,2
1172,136000,9000,5,5,1974,1974,896,0,896,896,3,1,1
1173,145000,3675,5,5,2005,2005,547,525,1072,0,4,1,1
1174,84500,17217,5,5,2006,2006,1140,0,1140,0,1,1,2
1175,185000,7500,7,5,2004,2005,1221,400,1221,0,1,1,1
1176,175000,7917,6,5,1999,2000,953,460,953,694,1,1,1
1177,210000,13175,6,6,1978,1988,1542,500,2073,0,1,1,1
1178,266500,9042,7,9,1941,2006,1152,252,1188,1152,1,1,1
1179,142125,9717,5,6,1950,1996,1078,240,1078,0,1,1,1
1180,147500,9937,5,6,1965,1965,1256,276,1256,0,1,1,1
